﻿id,username,firstName,lastName,email,password,phone,userStatus,logUser,logPassword,searchUser,deluser,Upduser,Updid,Updusername,UpdfirstName,UpdlastName,Updemail,Updpassword,Updphone,UpduserStatus
1,constanza100,Pinilla1,Peralta1,cospi@gmail.com,cap1,3125944659,1,constanza100,cap1,constanza100,constanza100,constanza100,100,Andrea10,Constanza10,Pinilla21,test@gmail.com,test123,3132073403,2
2,constanza200,Pinilla2,Peralta2,cospi@gmail.com,cap2,3125944659,1,constanza200,cap2,constanza200,constanza200,constanza200,200,Andrea20,Constanza11,Pinilla22,test@gmail.com,test124,3132073403,2
3,constanza300,Pinilla3,Peralta3,cospi@gmail.com,cap3,3125944659,1,constanza300,cap3,constanza300,constanza300,constanza300,300,Andrea30,Constanza12,Pinilla23,test@gmail.com,test125,3132073403,2
4,constanza400,Pinilla4,Peralta4,cospi@gmail.com,cap4,3125944659,1,constanza400,cap4,constanza400,constanza400,constanza400,400,Andrea40,Constanza13,Pinilla24,test@gmail.com,test126,3132073403,2
5,constanza500,Pinilla5,Peralta5,cospi@gmail.com,cap5,3125944659,1,constanza500,cap5,constanza500,constanza500,constanza500,500,Andrea50,Constanza14,Pinilla25,test@gmail.com,test127,3132073403,2
